Size,Pandas_Time,Spark_Time
1000,0.02545928955078125,
10000,0.043132781982421875,
100000,0.10364198684692383,
