Operation,Pandas Time (s),PySpark Time (s),Speedup Factor
Read CSV,5.49,3.29,1.668693009118541
Query 1,0.16,2.66,0.06015037593984962
Query 2,0.26,2.91,0.08934707903780069
Query 3,0.86,3.99,0.21553884711779447
Query 4,0.15,1.96,0.07653061224489796
Query 5,0.35,2.82,0.12411347517730496
Total execution time,7.27,17.62,0.4125993189557321
