Operation,Pandas Time (s),PySpark Time (s),Speedup Factor
Read CSV,65.12,9.49,6.861959957850369
Query 1,1.8,10.31,0.1745877788554801
Query 2,2.59,16.57,0.15630657815328908
Query 3,5.72,19.86,0.28801611278952666
Query 4,0.64,10.38,0.06165703275529865
Query 5,1.71,9.53,0.1794333683105981
Total execution time,77.59,76.14,1.019043866561597
