Operation,Pandas Time (s),PySpark Time (s),Speedup Factor
Read CSV,17.45,4.69,3.7206823027718547
Query 1,0.61,6.15,0.0991869918699187
Query 2,0.93,4.61,0.2017353579175705
Query 3,1.89,5.85,0.3230769230769231
Query 4,0.28,4.62,0.06060606060606061
Query 5,0.42,7.95,0.05283018867924528
Total execution time,21.58,33.87,0.6371420135813404
