Operation,Pandas Time (s),PySpark Time (s),Speedup Factor
Read CSV,12.9,2.94,4.387755102040816
Query 1,0.27,5.71,0.047285464098073555
Query 2,0.5,7.11,0.07032348804500703
Query 3,1.97,8.27,0.23821039903264812
Query 4,0.31,4.96,0.0625
Query 5,0.87,7.35,0.11836734693877551
Total execution time,16.81,36.34,0.46257567418822226
