Operation,Pandas Time (s),PySpark Time (s),Speedup Factor
Read CSV,85.29,34.88,2.4452408256880735
Query 1,1.09,19.7,0.05532994923857869
Query 2,1.31,15.59,0.08402822322001283
Query 3,7.23,16.81,0.4301011302795955
Query 4,2.06,11.2,0.18392857142857144
Query 5,6.38,15.23,0.4189100459619173
Total execution time,103.36,113.41,0.9113834758839608
